algorithm,mean_cumulative_regret,std_cumulative_regret,mean_average_reward,mean_optimal_arm_rate
thompson_sampling,10.76666666666666,4.129568177586279,0.7233333333333333,0.8366666666666666
epsilon_greedy_0.1,20.033333333333317,8.607167555783557,0.6749999999999999,0.7016666666666667
decay_epsilon_c1,20.400000000000023,19.33106308509704,0.6666666666666666,0.6083333333333334
ucb_c2,41.833333333333336,2.51064400768676,0.5583333333333332,0.4116666666666667
