algorithm,mean_cumulative_regret,std_cumulative_regret,mean_average_reward,mean_optimal_arm_rate
ucb_c2,132.56999999999945,16.0507451868325,0.6674,0.77905
thompson_sampling,352.2900000000019,41.416827243857036,0.44675000000000004,0.41285
epsilon_greedy_0.1,423.00000000000466,39.332108217615584,0.3776,0.295
decay_epsilon_c1,482.3700000000069,37.75785871493442,0.316,0.19605
exp3_gamma_0.1,521.6700000000083,5.455764696268964,0.27135000000000004,0.13055
